<?xml version="1.0" encoding="UTF-8"?>
<project default="generate" name="Lab4_M2T_Sims">
    <property name="ECLIPSE_HOME" value="../../../../../../../Program Files (x86)/Eclipse/eclipse"/>
    <property name="ECLIPSE_WORKSPACE" value="../.."/>

    <!-- The classpath with only the dependencies used by the project -->
    <path id="Lab4_M2T_Sims.libraryclasspath">
        <pathelement location="${ECLIPSE_WORKSPACE}/Lab4_M2T_Sims/bin"/>
        <pathelement location="${ECLIPSE_HOME}/plugins/org.eclipse.core.runtime_3.9.100.v20131218-1515.jar"/>
        <pathelement location="${ECLIPSE_HOME}/plugins/javax.annotation_1.1.0.v201209060031.jar"/>
        <pathelement location="${ECLIPSE_HOME}/plugins/javax.inject_1.0.0.v20091030.jar"/>
        <pathelement location="${ECLIPSE_HOME}/plugins/org.eclipse.osgi_3.9.1.v20140110-1610.jar"/>
        <pathelement location="${ECLIPSE_HOME}/plugins/org.eclipse.equinox.common_3.6.200.v20130402-1505.jar"/>
        <pathelement location="${ECLIPSE_HOME}/plugins/org.eclipse.core.jobs_3.5.300.v20130429-1813.jar"/>
        <pathelement location="${ECLIPSE_HOME}/plugins/org.eclipse.core.runtime.compatibility.registry_3.5.200.v20130514-1256/runtime_registry_compatibility.jar"/>
        <pathelement location="${ECLIPSE_HOME}/plugins/org.eclipse.equinox.registry_3.5.301.v20130717-1549.jar"/>
        <pathelement location="${ECLIPSE_HOME}/plugins/org.eclipse.equinox.preferences_3.5.100.v20130422-1538.jar"/>
        <pathelement location="${ECLIPSE_HOME}/plugins/org.eclipse.core.contenttype_3.4.200.v20130326-1255.jar"/>
        <pathelement location="${ECLIPSE_HOME}/plugins/org.eclipse.equinox.app_1.3.100.v20130327-1442.jar"/>
        <pathelement location="${ECLIPSE_HOME}/plugins/org.eclipse.emf.ecore_2.9.2.v20131212-0545.jar"/>
        <pathelement location="${ECLIPSE_HOME}/plugins/org.eclipse.emf.common_2.9.2.v20131212-0545.jar"/>
        <pathelement location="${ECLIPSE_HOME}/plugins/org.eclipse.emf.ecore.xmi_2.9.1.v20131212-0545.jar"/>
        <pathelement location="${ECLIPSE_HOME}/plugins/org.eclipse.core.resources_3.8.101.v20130717-0806.jar"/>
    </path>

    <path id="Lab4_M2T_Sims.classpath">
        <path refid="Lab4_M2T_Sims.libraryclasspath"/>
    </path>

    <!-- The classpath with only the jars available in the plugin folder of Eclipse -->
    <path id="Lab4_M2T_Sims.libraryclasspath.alljars">
        <pathelement location="../Lab4_M2T_Sims/bin"/>
        <fileset dir="${ECLIPSE_HOME}/plugins/" includes="*.jar"/>
    </path>

    <path id="Lab4_M2T_Sims.classpath.alljars">
        <path refid="Lab4_M2T_Sims.libraryclasspath.alljars"/>
    </path>

    <!-- The default task with the jars used by this project -->
    <target name="generate">
        <java classname="Lab4_M2T_Sims.main.Generate" classpathref="Lab4_M2T_Sims.classpath">
            <arg value="${model}"/>
            <arg value="${target}"/>
        </java>
    </target>

    <!--
        In case of problem you can also try with all the jar available in your Eclipse
        Keep in mind that having two versions of the same jar can create problems
    -->
    <target name="generate.alljars">
        <java classname="Lab4_M2T_Sims.main.Generate" classpathref="Lab4_M2T_Sims.classpath">
            <arg value="${model}"/>
            <arg value="${target}"/>
        </java>
    </target>
</project>
